<?xml version="1.0"?>
<project name="javaapi" default="compile" basedir=".">
  <target name="init">
    <tstamp/>
    <property name="project.root" value="${basedir}"/>
    <property name="core.src" value="${project.root}/src"/>
    <property name="conf.dir" value="${project.root}/conf"/>
    <property name="build.root" value="${project.root}/build"/>
    <property name="build.classes" value="${build.root}/classes"/>
    
    <property name="build.javadoc" value="${project.root}/doc"/>
    <property name="src.tests" value="${project.root}/test/src/java"/>
    <property name="build.tests" value="${project.root}/test/classes"/>
    <property name="reports.tests" value="${project.root}/test"/>
	 <property name="project.version" value="0.2"/>
	 <property name="project.distname" value="eventful-java-api"/>
	 <property name="zipprefix" value="${project.distname}-${project.version}"/>
	 <property name="srczipprefix" value="${project.distname}-src-${project.version}"/>
  </target>

  <path id="build.class.path">
    <fileset dir="lib">
      <include name="*.jar"/>
    </fileset>
  </path>

  <target name="prepare" depends="init">
    <mkdir dir="${build.classes}"/>
  </target>

  <target name="compile" depends="prepare">
    <javac deprecation="false" debug="true"
           destdir="${build.classes}"
           includes="**/*.java">
      <src path="${core.src}"/>
      <classpath refid="build.class.path"/>
    </javac>
  </target>

  <target name="manifest" depends="">
    <echo message="Generating MANIFEST.MF..."/>
    <echo file="${build.root}/MANIFEST.MF">Manifest-Version: 1.0
    </echo>
    <echo message="Generating MANIFEST.MF...done"/>
  </target>
  
  
   <target name="jarfile" depends="clean, compile, manifest">
    <jar destfile="${build.root}/eventfulapi.jar"
         manifest="${build.root}/MANIFEST.MF">
      <fileset dir="${build.classes}">
        <include name="**/*.class"/>
      </fileset>
    </jar>
	</target>
	
   <target name="gendocs" depends="clean, compile, manifest">
		<javadoc
			author="true"
			destdir="${build.javadoc}"
			nohelp="true"
			Verbose="true"
			defaultexcludes="yes"
			classpathref="build.class.path"
			packagenames="com.evdb.javaapi.*"
			sourcepath="${core.src}/java"
			version="true"
			use="true"
			windowtitle="Eventful Java API Class Reference">

  	 <doctitle><![CDATA[<h1>Eventful Java API Class Reference</h1>]]></doctitle>
     <bottom><![CDATA[<i>Copyright &#169; 2007 Eventful Inc. All Rights Reserved.</i>]]></bottom>
		</javadoc>
	</target>
	
	<target name="create-zip" depends="jarfile, gendocs">
    <delete file="${build.root}/${zipprefix}.zip" />
 	 <zip destfile="${build.root}/${zipprefix}.zip">
	 <zipfileset dir="lib" includes="*.jar" prefix="${zipprefix}/lib"/>
	 <zipfileset dir="${build.javadoc}" includes="**/*" prefix="${zipprefix}/javadoc"/>
	 <zipfileset dir="${build.root}" includes="eventfulapi.jar" prefix="${zipprefix}/bin"/>
   <zipfileset dir="${project.root}" includes="README" prefix="${zipprefix}"/>
    </zip>
	</target>
  
  <target name="create-src-zip" depends="init">
    <delete file="${build.root}/${srczipprefix}.zip" />
    <zip destfile="${build.root}/${srczipprefix}.zip">
  	 <zipfileset dir="src" includes="**/*.java" prefix="${srczipprefix}/src"/>
     <zipfileset dir="lib" includes="*.jar" prefix="${srczipprefix}/lib"/>
	   <zipfileset dir="test" includes="**/*" prefix="${srczipprefix}/test"/>
     <zipfileset dir="${project.root}" includes="build-dist.xml" prefix="${srczipprefix}"/>
     <zipfileset dir="${project.root}" includes="README" prefix="${srczipprefix}"/>
    </zip>
	</target>
	
	<target name="clean" depends="init">
    <delete dir="${build.classes}" includeEmptyDirs="true"/>
    <delete dir="${build.javadoc}" includeEmptyDirs="true"/>
    <delete file="${build.root}/MANIFEST.MF"/>
    <delete file="${build.root}/eventfulapi.jar"/>
  </target>
	
</project>
